model,True Negatives,False Positives,False Negatives,True Positives,Accuracy,Precision,Recall(TPR),Default_risk_rate(FNR),Default_risk_rate(FNR)%,F1-score,threshold
Random Forest,110453,115241,5751,23902,0.53,0.17,0.81,0.1939432772400769,19.39,0.2810204081632653,0.45
Logistic Regression,124666,101028,6849,22804,0.58,0.18,0.77,0.2309715711732371,23.1,0.29178947368421054,0.45
Decision Tree,119726,105968,6922,22731,0.56,0.18,0.77,0.23343337942198092,23.34,0.29178947368421054,0.45
Catboost,131544,94150,7332,22321,0.6,0.19,0.75,0.24725997369574748,24.73,0.3031914893617022,0.45
LightGBM,153206,72488,10446,19207,0.68,0.21,0.65,0.35227464337503794,35.23,0.3174418604651163,0.45
