Features,Importances
Age,0.1186524129093178
MonthsEmployed,0.035079081374565856
Monthly_Income,0.008275722523859353
tenure_age_ratio,0.008147573601321989
HasCoSigner,0.004788722894816755
EmploymentType,0.0030081273395609733
HasDependents,0.002394361447408411
Post_DTI,0.002367382726874245
CreditScore,0.0005867871716184414
MaritalStatus,0.0005800424914848889
